-- Table structure for table `category`
DROP TABLE IF EXISTS `category`;
CREATE TABLE `category` (
  `category_id` int(11) NOT NULL AUTO_INCREMENT,
  `name` varchar(255) DEFAULT NULL,
  `created` datetime DEFAULT NOW(),
  `updated` datetime NOT NULL DEFAULT NOW() ON UPDATE NOW(),
  `deleted` datetime DEFAULT NULL,
  PRIMARY KEY (`category_id`)
) ENGINE=InnoDB DEFAULT CHARSET=latin1 COLLATE=latin1_swedish_ci;

-- Table structure for table `customer`
DROP TABLE IF EXISTS `customer`;
CREATE TABLE `customer` (
  `customer_id` int(11) NOT NULL AUTO_INCREMENT,
  `firstname` varchar(255) DEFAULT NULL,
  `lastname` varchar(255) DEFAULT NULL,
  `email` varchar(255) DEFAULT NULL,
  `password` varchar(255) DEFAULT NULL,
  `address` varchar(255) DEFAULT NULL,
  `phone_number` varchar(20) DEFAULT NULL,
  `created` datetime DEFAULT NOW(),
  `updated` datetime NOT NULL DEFAULT NOW() ON UPDATE NOW(),
  `deleted` datetime DEFAULT NULL,
  PRIMARY KEY (`customer_id`)
) ENGINE=InnoDB DEFAULT CHARSET=latin1 COLLATE=latin1_swedish_ci;

DROP TABLE IF EXISTS `product`;
CREATE TABLE `product` (
  `product_id` int(11) NOT NULL AUTO_INCREMENT,
  `description` text DEFAULT NULL,
  `product_name` varchar(255) DEFAULT NULL,
  `price` decimal(10,2) DEFAULT NULL,
  `stock` int(11) DEFAULT NULL,
  `created` datetime DEFAULT NOW(),
  `updated` datetime NOT NULL DEFAULT NOW() ON UPDATE NOW(),
  `deleted` datetime DEFAULT NULL,
  PRIMARY KEY (`product_id`)
) ENGINE=InnoDB DEFAULT CHARSET=latin1 COLLATE=latin1_swedish_ci;

-- -- Table structure for table `delivery`
-- DROP TABLE IF EXISTS `delivery`;
-- CREATE TABLE `delivery` (
--   `delivery_id` int(11) NOT NULL AUTO_INCREMENT,
--   `order_id` int(11) DEFAULT NULL,
--   `delivery_date` datetime DEFAULT NULL,
--   `status` varchar(20) DEFAULT NULL,
--   `created` datetime DEFAULT NOW(),
--   `updated` datetime NOT NULL DEFAULT NOW() ON UPDATE NOW(),
--   `deleted` datetime DEFAULT NULL,
--   PRIMARY KEY (`delivery_id`),
--   KEY `order_id` (`order_id`),
--   FOREIGN KEY (`order_id`) REFERENCES `order` (`order_id`)
-- ) ENGINE=InnoDB DEFAULT CHARSET=latin1 COLLATE=latin1_swedish_ci;

-- Table structure for table `inventory_log`
DROP TABLE IF EXISTS `inventory_log`;
CREATE TABLE `inventory_log` (
  `log_id` int(11) NOT NULL AUTO_INCREMENT,
  `event_instance_id` varchar(36) NOT NULL,
  `event_description` text DEFAULT NULL,
  `event_date` datetime DEFAULT NULL,
  `created` datetime DEFAULT NOW(),
  `updated` datetime NOT NULL DEFAULT NOW() ON UPDATE NOW(),
  `deleted` datetime DEFAULT NULL,
  PRIMARY KEY (`log_id`,`event_instance_id`)
) ENGINE=InnoDB DEFAULT CHARSET=latin1 COLLATE=latin1_swedish_ci;
/*!40101 SET character_set_client = @saved_cs_client */;

--
-- Dumping data for table `inventory_log`
--

LOCK TABLES `inventory_log` WRITE;
/*!40000 ALTER TABLE `inventory_log` DISABLE KEYS */;
INSERT INTO `inventory_log` (`log_id`, `event_instance_id`, `event_description`, `event_date`) VALUES
(1,'1','Inventory updated for product 1','2024-02-16 17:03:44'),
(2,'0357ba68-d09e-4105-9f83-94ba0d011fda','Detaljer om produkt med iD \'2\' ändrades','2024-02-17 12:27:57'),
(2,'2','Inventory updated for product 2','2024-02-16 17:03:44'),
(2,'43225a16-1f64-405f-93fc-53abaa5fa157','Detaljer om produkt med iD \'2\' ändrades','2024-02-17 12:27:38');
/*!40000 ALTER TABLE `inventory_log` ENABLE KEYS */;
UNLOCK TABLES;

--
-- Table structure for table `invoice`
-- DROP TABLE IF EXISTS `invoice`;
-- CREATE TABLE `invoice` (
--   `invoice_id` int(11) NOT NULL AUTO_INCREMENT,
--   `order_id` int(11) DEFAULT NULL,
--   `invoice_date` datetime DEFAULT NULL,
--   `total_price` decimal(10,2) DEFAULT NULL,
--   `created` datetime DEFAULT NOW(),
--   `updated` datetime NOT NULL DEFAULT NOW() ON UPDATE NOW(),
--   `deleted` datetime DEFAULT NULL,
--   PRIMARY KEY (`invoice_id`),
--   KEY `order_id` (`order_id`),
--   FOREIGN KEY (`order_id`) REFERENCES `order` (`order_id`)
-- ) ENGINE=InnoDB DEFAULT CHARSET=latin1 COLLATE=latin1_swedish_ci;

-- Table structure for table `order`
DROP TABLE IF EXISTS `order`;
CREATE TABLE `order` (
  `order_id` int(11) NOT NULL AUTO_INCREMENT,
  `order_date` datetime DEFAULT NULL,
  `total_price` decimal(10,2) DEFAULT NULL,
  `customer_id` int(11) DEFAULT NULL,
  `status` varchar(20) DEFAULT NULL,
  `created` datetime DEFAULT NOW(),
  `updated` datetime NOT NULL DEFAULT NOW() ON UPDATE NOW(),
  `deleted` datetime DEFAULT NULL,
  `shipped` datetime DEFAULT NULL,
  PRIMARY KEY (`order_id`),
  KEY `customer_id` (`customer_id`),
  FOREIGN KEY (`customer_id`) REFERENCES `customer` (`customer_id`)
) ENGINE=InnoDB DEFAULT CHARSET=latin1 COLLATE=latin1_swedish_ci;

-- Table structure for table `order_item`
DROP TABLE IF EXISTS `order_item`;
CREATE TABLE `order_item` (
  `order_item_id` int(11) NOT NULL AUTO_INCREMENT,
  `order_id` int(11) DEFAULT NULL,
  `product_id` int(11) DEFAULT NULL,
  `quantity` int(11) DEFAULT NULL,
  `price` decimal(10,2) DEFAULT NULL,
  `created` datetime DEFAULT NOW(),
  `updated` datetime NOT NULL DEFAULT NOW() ON UPDATE NOW(),
  `deleted` datetime DEFAULT NULL,
  PRIMARY KEY (`order_item_id`),
  KEY `order_id` (`order_id`),
  KEY `product_id` (`product_id`),
  FOREIGN KEY (`order_id`) REFERENCES `order` (`order_id`),
  FOREIGN KEY (`product_id`) REFERENCES `product` (`product_id`)
) ENGINE=InnoDB DEFAULT CHARSET=latin1 COLLATE=latin1_swedish_ci;
/*!40101 SET character_set_client = @saved_cs_client */;

--
-- Dumping data for table `product`
--

LOCK TABLES `product` WRITE;
/*!40000 ALTER TABLE `product` DISABLE KEYS */;
INSERT INTO `product` (`product_id`, `description`, `product_name`, `price`, `stock`) VALUES
(1,'description of product 1','product 1',10.99,100),
(2,'description of product 2','product 2',51.00,151),
(3,'description of product 3','product 3',91.01,202),
(4,'description of product 4','product 4',131.02,253),
(5,'description of product 5','product 5',171.03,304),
(6,'description of product 6','product 6',211.04,355),
(7,'description of product 7','product 7',251.05,406),
(8,'description of product 8','product 8',291.06,457),
(9,'description of product 9','product 9',331.07,508),
(10,'description of product 10','product 10',371.08,559),
(11,'description of product 11','product 11',411.09,610),
(12,'description of product 12','product 12',451.10,661),
(13,'description of product 13','product 13',491.11,712),
(14,'description of product 14','product 14',531.12,763),
(15,'description of product 15','product 15',571.13,814),
(16,'description of product 16','product 16',611.14,865),
(17,'description of product 17','product 17',651.15,916),
(18,'description of product 18','product 18',691.16,967),
(19,'description of product 19','product 19',731.17,1018),
(20,'description of product 20','product 20',771.18,1069),
(21,'description of product 21','product 21',811.19,1120),
(22,'description of product 22','product 22',851.20,1171),
(23,'description of product 23','product 23',891.21,1222),
(24,'description of product 24','product 24',931.22,1273),
(25,'description of product 25','product 25',971.23,1324),
(26,'description of product 26','product 26',1011.24,1375),
(27,'description of product 27','product 27',1051.25,1426),
(28,'description of product 28','product 28',1091.26,1477),
(29,'description of product 29','product 29',1131.27,1528),
(30,'description of product 30','product 30',1171.28,1579);
/*!40000 ALTER TABLE `product` ENABLE KEYS */;
UNLOCK TABLES;

--
-- Table structure for table `product_category`
DROP TABLE IF EXISTS `product_category`;
CREATE TABLE `product_category` (
  `product_id` int(11) NOT NULL,
  `category_id` int(11) NOT NULL,
  `created` datetime DEFAULT NOW(),
  `updated` datetime NOT NULL DEFAULT NOW() ON UPDATE NOW(),
  `deleted` datetime DEFAULT NULL,
  PRIMARY KEY (`product_id`,`category_id`),
  KEY `category_id` (`category_id`),
  FOREIGN KEY (`product_id`) REFERENCES `product` (`product_id`),
  FOREIGN KEY (`category_id`) REFERENCES `category` (`category_id`)
) ENGINE=InnoDB DEFAULT CHARSET=latin1 COLLATE=latin1_swedish_ci;

-- Table structure for table `warehouse`
DROP TABLE IF EXISTS `warehouse`;
CREATE TABLE `warehouse` (
  `product_id` int(11) NOT NULL,
  `shelf_location` varchar(255) DEFAULT NULL,
  `stock_quantity` int(11) DEFAULT NULL,
  `created` datetime DEFAULT NOW(),
  `updated` datetime NOT NULL DEFAULT NOW() ON UPDATE NOW(),
  `deleted` datetime DEFAULT NULL,
  PRIMARY KEY (`product_id`),
  FOREIGN KEY (`product_id`) REFERENCES `product` (`product_id`)
) ENGINE=InnoDB DEFAULT CHARSET=latin1 COLLATE=latin1_swedish_ci;
/*!40101 SET character_set_client = @saved_cs_client */;

--
-- Dumping data for table `warehouse`
--

LOCK TABLES `warehouse` WRITE;
/*!40000 ALTER TABLE `warehouse` DISABLE KEYS */;
INSERT INTO `warehouse` (`product_id`, `shelf_location`, `stock_quantity`) VALUES
(1,'A1',50),
(2,'B2',75),
(3,'A2',100),
(4,'B3',125),
(5,'A3',150),
(6,'B4',175),
(7,'A4',200),
(8,'B5',225),
(9,'A5',250),
(10,'B6',275),
(11,'A6',300),
(12,'B7',325),
(13,'A7',350),
(14,'B8',375),
(15,'A8',400),
(16,'B9',425),
(17,'A9',450),
(18,'B10',475),
(19,'A10',500),
(20,'B11',525),
(21,'A11',550),
(22,'B12',575),
(23,'A2',600),
(24,'B3',625),
(25,'A3',650),
(26,'A3',675),
(27,'B4',700),
(28,'A4',725),
(29,'A4',750),
(30,'A4',775);
/*!40000 ALTER TABLE `warehouse` ENABLE KEYS */;
UNLOCK TABLES;

--
-- Dumping routines for database 'eshop'
--
/*!50003 SET @saved_sql_mode       = @@sql_mode */ ;
/*!50003 SET sql_mode              = 'STRICT_TRANS_TABLES,ERROR_FOR_DIVISION_BY_ZERO,NO_AUTO_CREATE_USER,NO_ENGINE_SUBSTITUTION' */ ;
/*!50003 DROP PROCEDURE IF EXISTS `AddInventoryLog` */;
/*!50003 SET @saved_cs_client      = @@character_set_client */ ;
/*!50003 SET @saved_cs_results     = @@character_set_results */ ;
/*!50003 SET @saved_col_connection = @@collation_connection */ ;
/*!50003 SET character_set_client  = utf8mb3 */ ;
/*!50003 SET character_set_results = utf8mb3 */ ;
/*!50003 SET collation_connection  = utf8mb3_general_ci */ ;
DELIMITER ;;
CREATE DEFINER=`dbadm`@`%` PROCEDURE `AddInventoryLog`(
    IN logId INT,
    IN eventdescription VARCHAR(255),
    IN eventDate DATETIME
)
BEGIN
    INSERT INTO inventory_log (log_id, event_description, event_date)
    VALUES (logId, eventdescription, eventDate);
END ;;
DELIMITER ;
/*!50003 SET sql_mode              = @saved_sql_mode */ ;
/*!50003 SET character_set_client  = @saved_cs_client */ ;
/*!50003 SET character_set_results = @saved_cs_results */ ;
/*!50003 SET collation_connection  = @saved_col_connection */ ;
/*!50003 SET @saved_sql_mode       = @@sql_mode */ ;
/*!50003 SET sql_mode              = 'STRICT_TRANS_TABLES,ERROR_FOR_DIVISION_BY_ZERO,NO_AUTO_CREATE_USER,NO_ENGINE_SUBSTITUTION' */ ;
/*!50003 DROP PROCEDURE IF EXISTS `AddInventoryLogProcedure` */;
/*!50003 SET @saved_cs_client      = @@character_set_client */ ;
/*!50003 SET @saved_cs_results     = @@character_set_results */ ;
/*!50003 SET @saved_col_connection = @@collation_connection */ ;
/*!50003 SET character_set_client  = utf8mb3 */ ;
/*!50003 SET character_set_results = utf8mb3 */ ;
/*!50003 SET collation_connection  = utf8mb3_general_ci */ ;
DELIMITER ;;
CREATE DEFINER=`dbadm`@`%` PROCEDURE `AddInventoryLogProcedure`(
    IN p_log_id INT,
    IN p_event_description TEXT,
    IN p_event_date DATETIME
)
BEGIN
    INSERT INTO inventory_log (log_id, event_instance_id, event_description, event_date)
    VALUES (p_log_id, NULL, p_event_description, p_event_date);
END ;;
DELIMITER ;
/*!50003 SET sql_mode              = @saved_sql_mode */ ;
/*!50003 SET character_set_client  = @saved_cs_client */ ;
/*!50003 SET character_set_results = @saved_cs_results */ ;
/*!50003 SET collation_connection  = @saved_col_connection */ ;
/*!50003 SET @saved_sql_mode       = @@sql_mode */ ;
/*!50003 SET sql_mode              = 'STRICT_TRANS_TABLES,ERROR_FOR_DIVISION_BY_ZERO,NO_AUTO_CREATE_USER,NO_ENGINE_SUBSTITUTION' */ ;
/*!50003 DROP PROCEDURE IF EXISTS `addProductProcedure` */;
/*!50003 SET @saved_cs_client      = @@character_set_client */ ;
/*!50003 SET @saved_cs_results     = @@character_set_results */ ;
/*!50003 SET @saved_col_connection = @@collation_connection */ ;
/*!50003 SET character_set_client  = utf8mb3 */ ;
/*!50003 SET character_set_results = utf8mb3 */ ;
/*!50003 SET collation_connection  = utf8mb3_general_ci */ ;
DELIMITER ;;
CREATE DEFINER=`dbadm`@`%` PROCEDURE `addProductProcedure`(
    IN pProductId INT,
    IN pdescription VARCHAR(255),
    IN pProductName VARCHAR(255),
    IN pprice DECIMAL(10, 2),
    IN pstockQuantity INT
)
BEGIN
    INSERT INTO product (product_id, description, product_name, price, stock)
    VALUES (pProductId, pdescription, pProductName, pprice, pstockQuantity);
END ;;
DELIMITER ;
/*!50003 SET sql_mode              = @saved_sql_mode */ ;
/*!50003 SET character_set_client  = @saved_cs_client */ ;
/*!50003 SET character_set_results = @saved_cs_results */ ;
/*!50003 SET collation_connection  = @saved_col_connection */ ;
/*!50003 SET @saved_sql_mode       = @@sql_mode */ ;
/*!50003 SET sql_mode              = 'STRICT_TRANS_TABLES,ERROR_FOR_DIVISION_BY_ZERO,NO_AUTO_CREATE_USER,NO_ENGINE_SUBSTITUTION' */ ;
/*!50003 DROP PROCEDURE IF EXISTS `addProductToInventoryProcedure` */;
/*!50003 SET @saved_cs_client      = @@character_set_client */ ;
/*!50003 SET @saved_cs_results     = @@character_set_results */ ;
/*!50003 SET @saved_col_connection = @@collation_connection */ ;
/*!50003 SET character_set_client  = utf8mb3 */ ;
/*!50003 SET character_set_results = utf8mb3 */ ;
/*!50003 SET collation_connection  = utf8mb3_general_ci */ ;
DELIMITER ;;
CREATE DEFINER=`dbadm`@`%` PROCEDURE `addProductToInventoryProcedure`(
    IN pProductId INT,
    IN pShelf VARCHAR(255),
    IN pQuantity INT
)
BEGIN
    INSERT INTO warehouse (product_id, shelf_location, stock_quantity)
    VALUES (pProductId, pShelf, pQuantity)
    ON DUPLICATE KEY UPDATE stock_quantity = stock_quantity + pQuantity;
END ;;
DELIMITER ;
/*!50003 SET sql_mode              = @saved_sql_mode */ ;
/*!50003 SET character_set_client  = @saved_cs_client */ ;
/*!50003 SET character_set_results = @saved_cs_results */ ;
/*!50003 SET collation_connection  = @saved_col_connection */ ;
/*!50003 SET @saved_sql_mode       = @@sql_mode */ ;
/*!50003 SET sql_mode              = 'STRICT_TRANS_TABLES,ERROR_FOR_DIVISION_BY_ZERO,NO_AUTO_CREATE_USER,NO_ENGINE_SUBSTITUTION' */ ;
/*!50003 DROP PROCEDURE IF EXISTS `addProductToShelfProcedure` */;
/*!50003 SET @saved_cs_client      = @@character_set_client */ ;
/*!50003 SET @saved_cs_results     = @@character_set_results */ ;
/*!50003 SET @saved_col_connection = @@collation_connection */ ;
/*!50003 SET character_set_client  = utf8mb3 */ ;
/*!50003 SET character_set_results = utf8mb3 */ ;
/*!50003 SET collation_connection  = utf8mb3_general_ci */ ;
DELIMITER ;;
CREATE DEFINER=`dbadm`@`%` PROCEDURE `addProductToShelfProcedure`(
    IN pProductId INT,
    IN pShelfLocation VARCHAR(255),
    IN pstockQuantity INT
)
BEGIN
    INSERT INTO warehouse (product_id, shelf_location, stock_quantity)
    VALUES (pProductId, pShelfLocation, pstockQuantity);
END ;;
DELIMITER ;
/*!50003 SET sql_mode              = @saved_sql_mode */ ;
/*!50003 SET character_set_client  = @saved_cs_client */ ;
/*!50003 SET character_set_results = @saved_cs_results */ ;
/*!50003 SET collation_connection  = @saved_col_connection */ ;
/*!50003 SET @saved_sql_mode       = @@sql_mode */ ;
/*!50003 SET sql_mode              = 'STRICT_TRANS_TABLES,ERROR_FOR_DIVISION_BY_ZERO,NO_AUTO_CREATE_USER,NO_ENGINE_SUBSTITUTION' */ ;
/*!50003 DROP PROCEDURE IF EXISTS `create_product` */;
/*!50003 SET @saved_cs_client      = @@character_set_client */ ;
/*!50003 SET @saved_cs_results     = @@character_set_results */ ;
/*!50003 SET @saved_col_connection = @@collation_connection */ ;
/*!50003 SET character_set_client  = utf8mb3 */ ;
/*!50003 SET character_set_results = utf8mb3 */ ;
/*!50003 SET collation_connection  = utf8mb3_general_ci */ ;
DELIMITER ;;
CREATE DEFINER=`dbadm`@`%` PROCEDURE `create_product`(
    IN p_ID INT,
    IN p_description TEXT,
    IN p_product_name VARCHAR(255),
    IN p_price DECIMAL(10, 2),
    IN p_stock INT
)
BEGIN
    VALUES (p_ID, p_description, p_product_name, p_price, p_stock);
END ;;
DELIMITER ;
/*!50003 SET sql_mode              = @saved_sql_mode */ ;
/*!50003 SET character_set_client  = @saved_cs_client */ ;
/*!50003 SET character_set_results = @saved_cs_results */ ;
/*!50003 SET collation_connection  = @saved_col_connection */ ;
/*!50003 SET @saved_sql_mode       = @@sql_mode */ ;
/*!50003 SET sql_mode              = 'STRICT_TRANS_TABLES,ERROR_FOR_DIVISION_BY_ZERO,NO_AUTO_CREATE_USER,NO_ENGINE_SUBSTITUTION' */ ;
/*!50003 DROP PROCEDURE IF EXISTS `DeleteInventoryLog` */;
/*!50003 SET @saved_cs_client      = @@character_set_client */ ;
/*!50003 SET @saved_cs_results     = @@character_set_results */ ;
/*!50003 SET @saved_col_connection = @@collation_connection */ ;
/*!50003 SET character_set_client  = utf8mb3 */ ;
/*!50003 SET character_set_results = utf8mb3 */ ;
/*!50003 SET collation_connection  = utf8mb3_general_ci */ ;
DELIMITER ;;
CREATE DEFINER=`dbadm`@`%` PROCEDURE `DeleteInventoryLog`(
    IN logId INT,
    IN eventdescription VARCHAR(255),
    IN eventDate DATETIME
)
BEGIN
    INSERT INTO inventory_log (log_id, event_description, event_date)
    VALUES (logId, eventdescription, eventDate);
END ;;
DELIMITER ;
/*!50003 SET sql_mode              = @saved_sql_mode */ ;
/*!50003 SET character_set_client  = @saved_cs_client */ ;
/*!50003 SET character_set_results = @saved_cs_results */ ;
/*!50003 SET collation_connection  = @saved_col_connection */ ;
/*!50003 SET @saved_sql_mode       = @@sql_mode */ ;
/*!50003 SET sql_mode              = 'STRICT_TRANS_TABLES,ERROR_FOR_DIVISION_BY_ZERO,NO_AUTO_CREATE_USER,NO_ENGINE_SUBSTITUTION' */ ;
/*!50003 DROP PROCEDURE IF EXISTS `delete_product` */;
/*!50003 SET @saved_cs_client      = @@character_set_client */ ;
/*!50003 SET @saved_cs_results     = @@character_set_results */ ;
/*!50003 SET @saved_col_connection = @@collation_connection */ ;
/*!50003 SET character_set_client  = utf8mb3 */ ;
/*!50003 SET character_set_results = utf8mb3 */ ;
/*!50003 SET collation_connection  = utf8mb3_general_ci */ ;
DELIMITER ;;
CREATE DEFINER=`dbadm`@`%` PROCEDURE `delete_product`(
    IN p_id INT
)
BEGIN
    DELETE FROM product WHERE product_id = p_id;
END ;;
DELIMITER ;
/*!50003 SET sql_mode              = @saved_sql_mode */ ;
/*!50003 SET character_set_client  = @saved_cs_client */ ;
/*!50003 SET character_set_results = @saved_cs_results */ ;
/*!50003 SET collation_connection  = @saved_col_connection */ ;
/*!50003 SET @saved_sql_mode       = @@sql_mode */ ;
/*!50003 SET sql_mode              = 'STRICT_TRANS_TABLES,ERROR_FOR_DIVISION_BY_ZERO,NO_AUTO_CREATE_USER,NO_ENGINE_SUBSTITUTION' */ ;
/*!50003 DROP PROCEDURE IF EXISTS `displayInventoryProcedure` */;
/*!50003 SET @saved_cs_client      = @@character_set_client */ ;
/*!50003 SET @saved_cs_results     = @@character_set_results */ ;
/*!50003 SET @saved_col_connection = @@collation_connection */ ;
/*!50003 SET character_set_client  = utf8mb3 */ ;
/*!50003 SET character_set_results = utf8mb3 */ ;
/*!50003 SET collation_connection  = utf8mb3_general_ci */ ;
DELIMITER ;;
CREATE DEFINER=`dbadm`@`%` PROCEDURE `displayInventoryProcedure`()
BEGIN
    SELECT p.product_id, p.product_name, w.shelf_location, w.stock_quantity
    FROM product p
    JOIN warehouse w ON p.product_id = w.product_id;
END ;;
DELIMITER ;
/*!50003 SET sql_mode              = @saved_sql_mode */ ;
/*!50003 SET character_set_client  = @saved_cs_client */ ;
/*!50003 SET character_set_results = @saved_cs_results */ ;
/*!50003 SET collation_connection  = @saved_col_connection */ ;
/*!50003 SET @saved_sql_mode       = @@sql_mode */ ;
/*!50003 SET sql_mode              = 'STRICT_TRANS_TABLES,ERROR_FOR_DIVISION_BY_ZERO,NO_AUTO_CREATE_USER,NO_ENGINE_SUBSTITUTION' */ ;
/*!50003 DROP PROCEDURE IF EXISTS `displayLogProcedure` */;
/*!50003 SET @saved_cs_client      = @@character_set_client */ ;
/*!50003 SET @saved_cs_results     = @@character_set_results */ ;
/*!50003 SET @saved_col_connection = @@collation_connection */ ;
/*!50003 SET character_set_client  = utf8mb3 */ ;
/*!50003 SET character_set_results = utf8mb3 */ ;
/*!50003 SET collation_connection  = utf8mb3_general_ci */ ;
DELIMITER ;;
CREATE DEFINER=`dbadm`@`%` PROCEDURE `displayLogProcedure`(
    IN pLogNumber INT
)
BEGIN
    SELECT * FROM inventory_log ORDER BY event_date DESC LIMIT pLogNumber;
END ;;
DELIMITER ;
/*!50003 SET sql_mode              = @saved_sql_mode */ ;
/*!50003 SET character_set_client  = @saved_cs_client */ ;
/*!50003 SET character_set_results = @saved_cs_results */ ;
/*!50003 SET collation_connection  = @saved_col_connection */ ;
/*!50003 SET @saved_sql_mode       = @@sql_mode */ ;
/*!50003 SET sql_mode              = 'STRICT_TRANS_TABLES,ERROR_FOR_DIVISION_BY_ZERO,NO_AUTO_CREATE_USER,NO_ENGINE_SUBSTITUTION' */ ;
/*!50003 DROP PROCEDURE IF EXISTS `displayProductsOnShelvesProcedure` */;
/*!50003 SET @saved_cs_client      = @@character_set_client */ ;
/*!50003 SET @saved_cs_results     = @@character_set_results */ ;
/*!50003 SET @saved_col_connection = @@collation_connection */ ;
/*!50003 SET character_set_client  = utf8mb3 */ ;
/*!50003 SET character_set_results = utf8mb3 */ ;
/*!50003 SET collation_connection  = utf8mb3_general_ci */ ;
DELIMITER ;;
CREATE DEFINER=`dbadm`@`%` PROCEDURE `displayProductsOnShelvesProcedure`()
BEGIN
    SELECT p.product_name, w.shelf_location, w.stock_quantity
    FROM product p
    JOIN warehouse w ON p.product_id = w.product_id;
END ;;
DELIMITER ;
/*!50003 SET sql_mode              = @saved_sql_mode */ ;
/*!50003 SET character_set_client  = @saved_cs_client */ ;
/*!50003 SET character_set_results = @saved_cs_results */ ;
/*!50003 SET collation_connection  = @saved_col_connection */ ;
/*!50003 SET @saved_sql_mode       = @@sql_mode */ ;
/*!50003 SET sql_mode              = 'STRICT_TRANS_TABLES,ERROR_FOR_DIVISION_BY_ZERO,NO_AUTO_CREATE_USER,NO_ENGINE_SUBSTITUTION' */ ;
/*!50003 DROP PROCEDURE IF EXISTS `displayProductsProcedure` */;
/*!50003 SET @saved_cs_client      = @@character_set_client */ ;
/*!50003 SET @saved_cs_results     = @@character_set_results */ ;
/*!50003 SET @saved_col_connection = @@collation_connection */ ;
/*!50003 SET character_set_client  = utf8mb3 */ ;
/*!50003 SET character_set_results = utf8mb3 */ ;
/*!50003 SET collation_connection  = utf8mb3_general_ci */ ;
DELIMITER ;;
CREATE DEFINER=`dbadm`@`%` PROCEDURE `displayProductsProcedure`()
BEGIN
    SELECT product_id, product_name FROM product;
END ;;
DELIMITER ;
/*!50003 SET sql_mode              = @saved_sql_mode */ ;
/*!50003 SET character_set_client  = @saved_cs_client */ ;
/*!50003 SET character_set_results = @saved_cs_results */ ;
/*!50003 SET collation_connection  = @saved_col_connection */ ;
/*!50003 SET @saved_sql_mode       = @@sql_mode */ ;
/*!50003 SET sql_mode              = 'STRICT_TRANS_TABLES,ERROR_FOR_DIVISION_BY_ZERO,NO_AUTO_CREATE_USER,NO_ENGINE_SUBSTITUTION' */ ;
/*!50003 DROP PROCEDURE IF EXISTS `displayShelfLocationsProcedure` */;
/*!50003 SET @saved_cs_client      = @@character_set_client */ ;
/*!50003 SET @saved_cs_results     = @@character_set_results */ ;
/*!50003 SET @saved_col_connection = @@collation_connection */ ;
/*!50003 SET character_set_client  = utf8mb3 */ ;
/*!50003 SET character_set_results = utf8mb3 */ ;
/*!50003 SET collation_connection  = utf8mb3_general_ci */ ;
DELIMITER ;;
CREATE DEFINER=`dbadm`@`%` PROCEDURE `displayShelfLocationsProcedure`()
BEGIN
    SELECT DISTINCT shelf_location FROM warehouse;
END ;;
DELIMITER ;
/*!50003 SET sql_mode              = @saved_sql_mode */ ;
/*!50003 SET character_set_client  = @saved_cs_client */ ;
/*!50003 SET character_set_results = @saved_cs_results */ ;
/*!50003 SET collation_connection  = @saved_col_connection */ ;
/*!50003 SET @saved_sql_mode       = @@sql_mode */ ;
/*!50003 SET sql_mode              = 'STRICT_TRANS_TABLES,ERROR_FOR_DIVISION_BY_ZERO,NO_AUTO_CREATE_USER,NO_ENGINE_SUBSTITUTION' */ ;
/*!50003 DROP PROCEDURE IF EXISTS `displayShelvesProcedure` */;
/*!50003 SET @saved_cs_client      = @@character_set_client */ ;
/*!50003 SET @saved_cs_results     = @@character_set_results */ ;
/*!50003 SET @saved_col_connection = @@collation_connection */ ;
/*!50003 SET character_set_client  = utf8mb3 */ ;
/*!50003 SET character_set_results = utf8mb3 */ ;
/*!50003 SET collation_connection  = utf8mb3_general_ci */ ;
DELIMITER ;;
CREATE DEFINER=`dbadm`@`%` PROCEDURE `displayShelvesProcedure`()
BEGIN
    SELECT * FROM warehouse;
END ;;
DELIMITER ;
/*!50003 SET sql_mode              = @saved_sql_mode */ ;
/*!50003 SET character_set_client  = @saved_cs_client */ ;
/*!50003 SET character_set_results = @saved_cs_results */ ;
/*!50003 SET collation_connection  = @saved_col_connection */ ;
/*!50003 SET @saved_sql_mode       = @@sql_mode */ ;
/*!50003 SET sql_mode              = 'STRICT_TRANS_TABLES,ERROR_FOR_DIVISION_BY_ZERO,NO_AUTO_CREATE_USER,NO_ENGINE_SUBSTITUTION' */ ;
/*!50003 DROP PROCEDURE IF EXISTS `filterInventoryProcedure` */;
/*!50003 SET @saved_cs_client      = @@character_set_client */ ;
/*!50003 SET @saved_cs_results     = @@character_set_results */ ;
/*!50003 SET @saved_col_connection = @@collation_connection */ ;
/*!50003 SET character_set_client  = utf8mb3 */ ;
/*!50003 SET character_set_results = utf8mb3 */ ;
/*!50003 SET collation_connection  = utf8mb3_general_ci */ ;
DELIMITER ;;
CREATE DEFINER=`dbadm`@`%` PROCEDURE `filterInventoryProcedure`(
    IN pFilterString VARCHAR(255)
)
BEGIN
    SELECT p.product_id, p.product_name, w.shelf_location, w.stock_quantity
    FROM product p
    JOIN warehouse w ON p.product_id = w.product_id
    WHERE p.product_id LIKE CONCAT('%', pFilterString, '%')
    OR p.product_name LIKE CONCAT('%', pFilterString, '%')
    OR w.shelf_location LIKE CONCAT('%', pFilterString, '%');
END ;;
DELIMITER ;
/*!50003 SET sql_mode              = @saved_sql_mode */ ;
/*!50003 SET character_set_client  = @saved_cs_client */ ;
/*!50003 SET character_set_results = @saved_cs_results */ ;
/*!50003 SET collation_connection  = @saved_col_connection */ ;
/*!50003 SET @saved_sql_mode       = @@sql_mode */ ;
/*!50003 SET sql_mode              = 'STRICT_TRANS_TABLES,ERROR_FOR_DIVISION_BY_ZERO,NO_AUTO_CREATE_USER,NO_ENGINE_SUBSTITUTION' */ ;
/*!50003 DROP PROCEDURE IF EXISTS `invadd` */;
/*!50003 SET @saved_cs_client      = @@character_set_client */ ;
/*!50003 SET @saved_cs_results     = @@character_set_results */ ;
/*!50003 SET @saved_col_connection = @@collation_connection */ ;
/*!50003 SET character_set_client  = utf8mb3 */ ;
/*!50003 SET character_set_results = utf8mb3 */ ;
/*!50003 SET collation_connection  = utf8mb3_general_ci */ ;
DELIMITER ;;
CREATE DEFINER=`dbadm`@`%` PROCEDURE `invadd`(
    IN p_Product_id INT,
    IN p_Shelf_location VARCHAR(255),
    IN p_stock_quantity INT
)
BEGIN
    DECLARE v_Existing_Quantity INT;


    SELECT stock_quantity INTO v_Existing_Quantity
    FROM warehouse
    WHERE product_id = p_Product_id AND shelf_location = p_Shelf_location;


    IF v_Existing_Quantity IS NOT NULL THEN
        UPDATE warehouse
        SET stock_quantity = stock_quantity + p_stock_quantity
        WHERE product_id = p_Product_id AND shelf_location = p_Shelf_location;
    ELSE

        INSERT INTO warehouse (product_id, shelf_location, stock_quantity)
        VALUES (p_Product_id, p_Shelf_location, p_stock_quantity);
    END IF;
END ;;
DELIMITER ;
/*!50003 SET sql_mode              = @saved_sql_mode */ ;
/*!50003 SET character_set_client  = @saved_cs_client */ ;
/*!50003 SET character_set_results = @saved_cs_results */ ;
/*!50003 SET collation_connection  = @saved_col_connection */ ;
/*!50003 SET @saved_sql_mode       = @@sql_mode */ ;
/*!50003 SET sql_mode              = 'STRICT_TRANS_TABLES,ERROR_FOR_DIVISION_BY_ZERO,NO_AUTO_CREATE_USER,NO_ENGINE_SUBSTITUTION' */ ;
/*!50003 DROP PROCEDURE IF EXISTS `removeProductFromInventoryProcedure` */;
/*!50003 SET @saved_cs_client      = @@character_set_client */ ;
/*!50003 SET @saved_cs_results     = @@character_set_results */ ;
/*!50003 SET @saved_col_connection = @@collation_connection */ ;
/*!50003 SET character_set_client  = utf8mb3 */ ;
/*!50003 SET character_set_results = utf8mb3 */ ;
/*!50003 SET collation_connection  = utf8mb3_general_ci */ ;
DELIMITER ;;
CREATE DEFINER=`dbadm`@`%` PROCEDURE `removeProductFromInventoryProcedure`(
    IN pProductId INT,
    IN pShelf VARCHAR(255),
    IN pQuantity INT
)
BEGIN
    UPDATE warehouse
    SET stock_quantity = GREATEST(stock_quantity - pQuantity, 0)
    WHERE product_id = pProductId AND shelf_location = pShelf;
END ;;
DELIMITER ;
/*!50003 SET sql_mode              = @saved_sql_mode */ ;
/*!50003 SET character_set_client  = @saved_cs_client */ ;
/*!50003 SET character_set_results = @saved_cs_results */ ;
/*!50003 SET collation_connection  = @saved_col_connection */ ;
/*!50003 SET @saved_sql_mode       = @@sql_mode */ ;
/*!50003 SET sql_mode              = 'STRICT_TRANS_TABLES,ERROR_FOR_DIVISION_BY_ZERO,NO_AUTO_CREATE_USER,NO_ENGINE_SUBSTITUTION' */ ;
/*!50003 DROP PROCEDURE IF EXISTS `removeProductFromShelfProcedure` */;
/*!50003 SET @saved_cs_client      = @@character_set_client */ ;
/*!50003 SET @saved_cs_results     = @@character_set_results */ ;
/*!50003 SET @saved_col_connection = @@collation_connection */ ;
/*!50003 SET character_set_client  = utf8mb3 */ ;
/*!50003 SET character_set_results = utf8mb3 */ ;
/*!50003 SET collation_connection  = utf8mb3_general_ci */ ;
DELIMITER ;;
CREATE DEFINER=`dbadm`@`%` PROCEDURE `removeProductFromShelfProcedure`(
    IN pProductId INT,
    IN pShelfLocation VARCHAR(255),
    IN pQuantity INT
)
BEGIN
    UPDATE warehouse
    SET stock_quantity = GREATEST(stock_quantity - pQuantity, 0)
    WHERE product_id = pProductId AND shelf_location = pShelfLocation;
END ;;
DELIMITER ;
/*!50003 SET sql_mode              = @saved_sql_mode */ ;
/*!50003 SET character_set_client  = @saved_cs_client */ ;
/*!50003 SET character_set_results = @saved_cs_results */ ;
/*!50003 SET collation_connection  = @saved_col_connection */ ;
/*!50003 SET @saved_sql_mode       = @@sql_mode */ ;
/*!50003 SET sql_mode              = 'STRICT_TRANS_TABLES,ERROR_FOR_DIVISION_BY_ZERO,NO_AUTO_CREATE_USER,NO_ENGINE_SUBSTITUTION' */ ;
/*!50003 DROP PROCEDURE IF EXISTS `show_categories` */;
/*!50003 SET @saved_cs_client      = @@character_set_client */ ;
/*!50003 SET @saved_cs_results     = @@character_set_results */ ;
/*!50003 SET @saved_col_connection = @@collation_connection */ ;
/*!50003 SET character_set_client  = utf8mb3 */ ;
/*!50003 SET character_set_results = utf8mb3 */ ;
/*!50003 SET collation_connection  = utf8mb3_general_ci */ ;
DELIMITER ;;
CREATE DEFINER=`dbadm`@`%` PROCEDURE `show_categories`()
BEGIN
    SELECT * FROM Category;
END ;;
DELIMITER ;
/*!50003 SET sql_mode              = @saved_sql_mode */ ;
/*!50003 SET character_set_client  = @saved_cs_client */ ;
/*!50003 SET character_set_results = @saved_cs_results */ ;
/*!50003 SET collation_connection  = @saved_col_connection */ ;
/*!50003 SET @saved_sql_mode       = @@sql_mode */ ;
/*!50003 SET sql_mode              = 'STRICT_TRANS_TABLES,ERROR_FOR_DIVISION_BY_ZERO,NO_AUTO_CREATE_USER,NO_ENGINE_SUBSTITUTION' */ ;
/*!50003 DROP PROCEDURE IF EXISTS `show_product` */;
/*!50003 SET @saved_cs_client      = @@character_set_client */ ;
/*!50003 SET @saved_cs_results     = @@character_set_results */ ;
/*!50003 SET @saved_col_connection = @@collation_connection */ ;
/*!50003 SET character_set_client  = utf8mb3 */ ;
/*!50003 SET character_set_results = utf8mb3 */ ;
/*!50003 SET collation_connection  = utf8mb3_general_ci */ ;
DELIMITER ;;
CREATE DEFINER=`dbadm`@`%` PROCEDURE `show_product`(
    IN p_id INT
)
BEGIN
    SELECT * FROM product WHERE product_id = p_id;
END ;;
DELIMITER ;
/*!50003 SET sql_mode              = @saved_sql_mode */ ;
/*!50003 SET character_set_client  = @saved_cs_client */ ;
/*!50003 SET character_set_results = @saved_cs_results */ ;
/*!50003 SET collation_connection  = @saved_col_connection */ ;
/*!50003 SET @saved_sql_mode       = @@sql_mode */ ;
/*!50003 SET sql_mode              = 'STRICT_TRANS_TABLES,ERROR_FOR_DIVISION_BY_ZERO,NO_AUTO_CREATE_USER,NO_ENGINE_SUBSTITUTION' */ ;
/*!50003 DROP PROCEDURE IF EXISTS `show_products` */;
/*!50003 SET @saved_cs_client      = @@character_set_client */ ;
/*!50003 SET @saved_cs_results     = @@character_set_results */ ;
/*!50003 SET @saved_col_connection = @@collation_connection */ ;
/*!50003 SET character_set_client  = utf8mb3 */ ;
/*!50003 SET character_set_results = utf8mb3 */ ;
/*!50003 SET collation_connection  = utf8mb3_general_ci */ ;
DELIMITER ;;
CREATE DEFINER=`dbadm`@`%` PROCEDURE `show_products`()
BEGIN
    SELECT * FROM product;
END ;;
DELIMITER ;
/*!50003 SET sql_mode              = @saved_sql_mode */ ;
/*!50003 SET character_set_client  = @saved_cs_client */ ;
/*!50003 SET character_set_results = @saved_cs_results */ ;
/*!50003 SET collation_connection  = @saved_col_connection */ ;
/*!50003 SET @saved_sql_mode       = @@sql_mode */ ;
/*!50003 SET sql_mode              = 'STRICT_TRANS_TABLES,ERROR_FOR_DIVISION_BY_ZERO,NO_AUTO_CREATE_USER,NO_ENGINE_SUBSTITUTION' */ ;
/*!50003 DROP PROCEDURE IF EXISTS `update_product` */;
/*!50003 SET @saved_cs_client      = @@character_set_client */ ;
/*!50003 SET @saved_cs_results     = @@character_set_results */ ;
/*!50003 SET @saved_col_connection = @@collation_connection */ ;
/*!50003 SET character_set_client  = utf8mb3 */ ;
/*!50003 SET character_set_results = utf8mb3 */ ;
/*!50003 SET collation_connection  = utf8mb3_general_ci */ ;
DELIMITER ;;
CREATE DEFINER=`dbadm`@`%` PROCEDURE `update_product`(
    IN p_id INT,
    IN p_description TEXT,
    IN p_product_name VARCHAR(255),
    IN p_price DECIMAL(10, 2),
    IN p_stock INT
)
BEGIN
    UPDATE product
    SET description = p_description, product_name = p_product_name, price = p_price, stock = p_stock
    WHERE product_id = p_id;
END ;;
DELIMITER ;
/*!50003 SET sql_mode              = @saved_sql_mode */ ;
/*!50003 SET character_set_client  = @saved_cs_client */ ;
/*!50003 SET character_set_results = @saved_cs_results */ ;
/*!50003 SET collation_connection  = @saved_col_connection */ ;
/*!40103 SET TIME_ZONE=@OLD_TIME_ZONE */;

/*!40101 SET SQL_MODE=@OLD_SQL_MODE */;
/*!40014 SET FOREIGN_KEY_CHECKS=@OLD_FOREIGN_KEY_CHECKS */;
/*!40014 SET UNIQUE_CHECKS=@OLD_UNIQUE_CHECKS */;
/*!40101 SET CHARACTER_SET_CLIENT=@OLD_CHARACTER_SET_CLIENT */;
/*!40101 SET CHARACTER_SET_RESULTS=@OLD_CHARACTER_SET_RESULTS */;
/*!40101 SET COLLATION_CONNECTION=@OLD_COLLATION_CONNECTION */;
/*!40111 SET SQL_NOTES=@OLD_SQL_NOTES */;

-- Dump completed on 2024-02-20 18:40:36
